,RMSE,MSE
AS-1114S-WN10RT,23.22355126446714,539.3333333333334
SSG-5029P-E1CTR12L,null,null
SYS-2029BZ-HNR,4.377975178854566,19.166666666666668
SYS-2029P-C1RT,3.6170890690351176,13.083333333333334
SYS-2029U-E1CR4,null,null
SYS-2029U-E1CR4T,9.504384952922676,90.33333333334298
SYS-2029U-E1CRT,6.7082039324993685,44.99999999999999
SYS-2029U-E1CRTP,13.566516500720379,184.0503699643183
SYS-4029GP-TRT3,7.076957915187382,50.083333333333336
SYS-5019A-FTN4,26.074100435191284,679.8587135044423
